wilson,Wilson Daniel,Lopez Perez,wilson@mail.com,0,1,wilson@123
gerson,Gerson Roberto,Perez Perez,gerson@mail.com,0,1,gerson@123
karla,Karla,Crisotomo Villeda,karla@mail.com,0,1,karla@123
emily,Emily Marisol,Garcia ,emily@mail.com,0,1,emily@123
melisa,Melisa Fernanda,Castillo ,melisa@mail.com,0,1,melisa@123
